year,alignment_score
2020,0.07287979
2021,0.21119821
2022,0.5105624
2023,0.6202334
