year,avg_score,std_score,n_papers
2018,0.75008154,0.05593141,66
2019,0.74826545,0.06790266,91
2020,0.74312145,0.07089817,84
2021,0.7608163,0.07076305,65
2022,0.750336,0.07105413,78
2023,0.76221716,0.06873634,85
2024,0.7624155,0.056113325,31
