year,avg_score,std_score,n_papers
2018,0.7478238,0.058092467,66
2019,0.74826545,0.06790266,91
2020,0.7450285,0.07068261,82
2021,0.75883645,0.070540726,65
2022,0.75207025,0.07107946,80
2023,0.76233935,0.06886525,85
2024,0.7624155,0.056113325,31
